ID,Created,Currency,delinquent,Discount,Status,Cancelled Date,Trial End,Plan Type,Plan Amount,Plan Interval,Cancelled in Last 30 Days
1,12/25/2022,USD,true,true,past due,,,Enterprise,5,Annual,
2,01/07/2023,EUR,true,false,active,,,Basic,175,Annual,
3,07/13/2022,EUR,false,false,trial,,,Basic,55,Monthly,
4,01/25/2023,USD,true,false,active,,,Enterprise,8.55,Monthly,
5,11/19/2022,USD,false,false,cancelled,,,Basic,55,Monthly,
6,12/02/2022,USD,false,true,cancelled,,,Enterprise,175,Annual,
7,03/28/2023,USD,false,true,trial,,,Enterprise,18,Annual,
8,11/07/2022,USD,true,true,past due,,,Enterprise,5,Monthly,
9,02/15/2023,EUR,false,true,past due,,,Enterprise,55,Monthly,
10,09/24/2022,USD,false,false,cancelled,,,Pro,18,Annual,
11,06/03/2022,EUR,false,true,active,,,Basic,175,Annual,
12,08/15/2022,USD,true,false,trial,,,Enterprise,18,Monthly,
13,08/17/2022,EUR,true,true,trial,,,Basic,89.5,Annual,
14,02/22/2023,USD,true,false,active,,,Pro,55,Monthly,
15,07/26/2022,EUR,true,true,active,,,Pro,18,Monthly,
16,01/18/2023,EUR,true,false,active,,,Enterprise,18,Monthly,
17,03/24/2023,EUR,true,true,active,,,Basic,175,Annual,
18,04/06/2023,EUR,false,true,cancelled,,,Basic,55,Annual,
19,12/10/2022,EUR,false,false,active,,,Pro,5,Monthly,
20,10/07/2022,EUR,true,false,trial,,02/04/2023,Basic,175,Annual,
21,09/11/2022,EUR,false,true,cancelled,,11/01/2022,Basic,8.55,Annual,
22,09/24/2022,USD,true,false,past due,,,Basic,5,Annual,
23,04/13/2022,USD,true,true,trial,,05/22/2022,Pro,175,Monthly,
24,06/24/2022,USD,true,true,active,,,Pro,18,Annual,
25,07/05/2022,USD,true,true,past due,,,Pro,18,Monthly,
26,08/04/2022,EUR,false,true,past due,,,Enterprise,175,Annual,
27,08/20/2022,USD,false,true,trial,,,Enterprise,8.55,Monthly,
28,06/06/2022,USD,false,false,past due,11/28/2022,,Enterprise,55,Annual,
29,08/07/2022,EUR,true,false,trial,,,Basic,175,Annual,
30,01/27/2023,USD,true,true,active,,,Enterprise,8.55,Annual,
31,04/07/2023,USD,true,true,cancelled,,,Enterprise,8.55,Monthly,
32,04/21/2022,EUR,true,true,cancelled,,,Enterprise,18,Annual,
33,08/09/2022,USD,true,false,cancelled,,,Pro,8.55,Annual,
34,11/14/2022,USD,true,true,past due,,,Basic,5,Monthly,
35,03/19/2023,EUR,true,true,trial,,,Basic,55,Monthly,
36,12/01/2022,USD,true,true,active,,,Pro,55,Monthly,
37,06/25/2022,USD,true,false,trial,,,Pro,18,Annual,
38,06/21/2022,USD,true,true,cancelled,02/12/2023,,Basic,89.5,Monthly,
39,12/12/2022,EUR,false,true,active,,,Pro,55,Annual,
40,03/11/2023,USD,true,false,trial,,,Pro,5,Annual,
41,05/16/2022,USD,false,false,active,,,Basic,5,Annual,
42,02/09/2023,USD,false,false,cancelled,,,Pro,55,Monthly,
43,10/25/2022,USD,true,true,trial,,,Basic,89.5,Annual,
44,05/03/2022,USD,false,true,cancelled,,,Enterprise,89.5,Monthly,
45,03/16/2023,USD,true,false,active,,,Enterprise,55,Annual,
46,04/06/2023,EUR,true,true,trial,,,Basic,18,Annual,
47,12/21/2022,USD,true,false,trial,,,Basic,18,Annual,
48,05/25/2022,USD,false,true,cancelled,,,Enterprise,18,Monthly,
49,05/09/2022,USD,false,true,trial,,,Enterprise,8.55,Annual,
50,06/23/2022,EUR,true,false,active,,,Enterprise,55,Monthly,
51,05/16/2022,USD,true,false,trial,,,Basic,89.5,Monthly,
52,04/17/2022,EUR,false,false,trial,,,Pro,8.55,Annual,
53,05/13/2022,EUR,false,false,cancelled,,,Pro,8.55,Annual,
54,12/01/2022,USD,false,false,past due,,,Pro,5,Annual,
55,07/06/2022,USD,false,false,active,,,Basic,175,Annual,
56,05/10/2022,USD,false,true,active,,,Pro,18,Annual,
57,10/05/2022,EUR,true,false,trial,,,Basic,175,Annual,
58,12/21/2022,EUR,true,true,trial,,,Pro,5,Monthly,
59,01/02/2023,USD,true,true,active,,,Pro,55,Monthly,
60,05/06/2022,EUR,true,true,past due,,,Pro,175,Annual,
61,01/21/2023,USD,true,false,past due,,,Basic,175,Monthly,
62,01/31/2023,EUR,true,true,active,,,Enterprise,175,Annual,
63,10/09/2022,USD,false,false,cancelled,,,Enterprise,55,Annual,
64,09/15/2022,EUR,false,false,trial,,,Enterprise,8.55,Annual,
65,04/19/2022,USD,true,false,past due,,,Pro,55,Annual,
66,08/07/2022,USD,false,false,active,,,Enterprise,18,Annual,
67,03/01/2023,USD,true,true,cancelled,,,Basic,55,Annual,
68,07/23/2022,EUR,true,false,trial,,,Enterprise,5,Monthly,
69,06/21/2022,EUR,true,true,trial,,,Pro,18,Monthly,
70,12/17/2022,EUR,true,true,trial,,,Pro,89.5,Annual,
71,08/04/2022,USD,false,false,trial,,,Basic,5,Annual,
72,12/12/2022,USD,false,false,cancelled,,,Pro,8.55,Annual,
73,12/17/2022,EUR,false,false,trial,,,Pro,89.5,Annual,
74,07/02/2022,EUR,true,true,trial,,,Pro,18,Monthly,
75,05/21/2022,USD,false,true,cancelled,,,Enterprise,8.55,Monthly,
76,07/12/2022,EUR,true,false,trial,,,Pro,5,Annual,
77,02/04/2023,USD,true,false,past due,,,Enterprise,8.55,Annual,
78,11/26/2022,USD,false,true,cancelled,,,Basic,18,Annual,
79,11/24/2022,EUR,false,true,trial,,,Pro,89.5,Annual,
80,04/18/2022,EUR,true,true,past due,,,Enterprise,18,Monthly,
81,11/28/2022,EUR,false,false,cancelled,06/10/2022,,Pro,89.5,Annual,
82,01/27/2023,USD,true,false,past due,,,Pro,18,Monthly,
83,06/15/2022,EUR,false,true,trial,,,Basic,55,Annual,
84,08/05/2022,USD,true,true,trial,,,Pro,89.5,Monthly,
85,11/20/2022,EUR,false,false,active,,,Enterprise,5,Annual,
86,07/22/2022,EUR,true,false,cancelled,,,Basic,55,Monthly,
87,09/28/2022,USD,false,false,cancelled,,,Enterprise,175,Monthly,
88,12/30/2022,USD,true,false,past due,,,Enterprise,175,Annual,
89,10/06/2022,USD,true,true,cancelled,,,Pro,18,Monthly,
90,09/01/2022,USD,true,false,trial,,,Pro,5,Annual,
91,09/29/2022,USD,true,false,active,,,Basic,89.5,Monthly,
92,06/26/2022,USD,true,false,active,,,Basic,8.55,Monthly,
93,11/05/2022,USD,true,false,past due,,07/18/2022,Enterprise,55,Monthly,
94,06/05/2022,USD,false,true,active,,,Pro,89.5,Annual,
95,09/01/2022,USD,true,true,past due,,10/29/2022,Pro,89.5,Monthly,
96,08/23/2022,EUR,true,false,cancelled,,,Pro,55,Annual,true
97,07/16/2022,EUR,true,true,cancelled,,,Pro,18,Annual,
98,09/11/2022,USD,false,true,trial,,,Enterprise,8.55,Annual,
99,03/19/2023,USD,true,true,past due,,,Enterprise,18,Monthly,
100,03/15/2023,USD,true,false,trial,,,Enterprise,55,Annual,
101,01/03/2023,EUR,true,false,active,,,Enterprise,8.55,Annual,
102,08/20/2022,USD,false,false,active,,,Enterprise,18,Annual,
103,01/20/2023,EUR,false,false,trial,,,Basic,5,Monthly,
104,11/04/2022,USD,false,true,cancelled,,,Pro,8.55,Monthly,
105,02/15/2023,USD,false,true,past due,,,Enterprise,8.55,Annual,
106,11/14/2022,USD,true,false,trial,,,Enterprise,175,Annual,
107,06/08/2022,EUR,false,true,cancelled,07/30/2022,,Pro,55,Annual,
108,09/12/2022,USD,false,false,trial,,,Pro,175,Annual,
109,11/27/2022,EUR,true,true,active,,,Basic,8.55,Monthly,
110,12/15/2022,USD,true,false,past due,,,Enterprise,5,Monthly,
111,05/16/2022,EUR,true,true,active,,,Pro,55,Annual,
112,02/25/2023,EUR,false,false,past due,,,Basic,8.55,Annual,
113,08/15/2022,EUR,true,true,trial,,,Pro,5,Annual,
114,06/15/2022,EUR,true,true,past due,,,Enterprise,55,Monthly,
115,02/28/2023,USD,false,false,trial,,,Basic,175,Monthly,
116,11/02/2022,USD,true,true,past due,10/22/2022,,Basic,18,Monthly,
117,11/21/2022,EUR,true,true,active,,,Pro,18,Monthly,
118,06/14/2022,EUR,true,true,cancelled,,,Enterprise,5,Monthly,
119,04/24/2022,EUR,false,false,cancelled,,,Basic,175,Monthly,
120,03/03/2023,EUR,true,false,active,,,Pro,55,Monthly,
121,02/14/2023,EUR,false,true,trial,,,Basic,18,Monthly,
122,09/11/2022,USD,true,false,past due,,,Pro,8.55,Monthly,
123,09/22/2022,USD,false,true,past due,,,Basic,8.55,Monthly,
124,05/09/2022,EUR,true,false,active,,,Enterprise,5,Monthly,
125,06/23/2022,EUR,true,true,active,,,Pro,55,Monthly,
126,05/27/2022,EUR,true,true,trial,,,Enterprise,5,Monthly,
127,01/23/2023,USD,false,false,cancelled,,,Pro,8.55,Monthly,
128,09/07/2022,EUR,true,false,past due,,06/11/2022,Enterprise,89.5,Monthly,
129,12/17/2022,EUR,false,true,active,,,Pro,175,Annual,
130,02/02/2023,USD,false,true,trial,,,Basic,89.5,Monthly,
131,05/03/2022,EUR,true,false,trial,,,Enterprise,89.5,Annual,
132,07/05/2022,EUR,false,true,cancelled,,,Pro,5,Annual,
133,08/09/2022,USD,false,true,trial,10/18/2022,,Enterprise,89.5,Monthly,
134,12/04/2022,EUR,true,false,trial,,,Basic,8.55,Annual,
135,05/06/2022,USD,true,false,cancelled,,,Pro,18,Monthly,
136,11/17/2022,USD,false,false,past due,,,Enterprise,8.55,Monthly,
137,07/13/2022,EUR,false,false,active,,,Enterprise,89.5,Monthly,
138,08/15/2022,USD,false,true,trial,,,Basic,18,Monthly,
139,09/20/2022,USD,true,false,past due,,,Pro,55,Monthly,
140,04/04/2023,EUR,true,true,trial,,,Enterprise,175,Annual,
141,05/20/2022,USD,true,false,cancelled,,,Enterprise,8.55,Monthly,
142,06/13/2022,USD,true,true,trial,,,Enterprise,89.5,Annual,
143,04/13/2022,USD,true,true,trial,,,Enterprise,55,Annual,
144,01/15/2023,EUR,false,false,trial,,,Basic,8.55,Monthly,
145,08/10/2022,USD,true,true,cancelled,,,Enterprise,18,Annual,
146,08/16/2022,USD,false,true,cancelled,,,Pro,18,Monthly,
147,09/24/2022,EUR,true,false,active,,,Basic,8.55,Monthly,
148,07/13/2022,USD,true,false,past due,,,Pro,175,Annual,
149,02/25/2023,EUR,true,true,cancelled,,,Enterprise,175,Annual,
150,09/08/2022,USD,false,false,cancelled,,,Pro,175,Annual,
151,09/15/2022,EUR,true,false,past due,,,Basic,55,Annual,
152,03/29/2023,USD,true,false,trial,,,Pro,55,Monthly,
153,07/27/2022,USD,true,true,past due,,,Pro,175,Annual,
154,02/01/2023,USD,false,true,trial,,,Basic,5,Monthly,
155,10/07/2022,USD,false,false,active,,,Pro,18,Annual,
156,09/12/2022,USD,false,false,cancelled,01/23/2023,,Basic,18,Annual,
157,07/08/2022,EUR,false,false,active,,,Pro,175,Annual,
158,01/26/2023,EUR,true,true,cancelled,,,Basic,8.55,Annual,
159,08/24/2022,USD,false,true,cancelled,,,Enterprise,5,Monthly,
160,05/24/2022,USD,true,false,trial,,,Basic,5,Annual,
161,02/13/2023,EUR,false,false,cancelled,,,Pro,8.55,Monthly,
162,01/28/2023,EUR,false,true,past due,,,Basic,8.55,Annual,
163,03/15/2023,EUR,false,true,trial,,,Pro,5,Annual,
164,03/05/2023,EUR,false,false,trial,,,Pro,18,Annual,
165,03/30/2023,USD,true,false,cancelled,,,Basic,18,Annual,
166,08/20/2022,EUR,true,true,cancelled,,,Basic,175,Monthly,
167,06/02/2022,EUR,true,true,active,,,Pro,5,Annual,
168,12/03/2022,USD,true,false,active,,,Pro,175,Annual,
169,09/30/2022,EUR,true,false,active,,,Enterprise,18,Annual,
170,08/06/2022,EUR,false,true,cancelled,,,Basic,18,Annual,
171,02/02/2023,USD,false,true,trial,,,Basic,55,Annual,
172,09/14/2022,EUR,false,false,cancelled,,,Enterprise,89.5,Annual,
173,01/16/2023,EUR,true,true,cancelled,,,Enterprise,5,Monthly,
174,03/10/2023,EUR,false,false,active,,,Basic,55,Monthly,
175,02/16/2023,EUR,true,false,trial,,,Enterprise,18,Annual,
176,07/02/2022,USD,false,true,trial,,,Basic,89.5,Monthly,
177,04/17/2022,USD,false,true,cancelled,,,Basic,5,Annual,
178,10/22/2022,EUR,false,false,active,,,Basic,175,Annual,
179,07/25/2022,EUR,true,false,cancelled,,,Basic,5,Annual,
180,07/25/2022,EUR,false,false,cancelled,,,Pro,8.55,Monthly,
181,02/15/2023,USD,true,false,active,,,Enterprise,175,Monthly,
182,08/31/2022,EUR,false,true,past due,,,Basic,175,Annual,
183,11/28/2022,USD,false,false,trial,,,Basic,55,Annual,
184,11/13/2022,EUR,true,true,cancelled,,,Basic,175,Annual,
185,02/09/2023,EUR,true,true,trial,,,Enterprise,18,Monthly,
186,10/22/2022,EUR,true,true,trial,,,Basic,5,Annual,
187,04/06/2023,USD,true,true,past due,,,Enterprise,8.55,Monthly,
188,12/13/2022,EUR,false,false,past due,,,Enterprise,89.5,Monthly,
189,01/10/2023,USD,true,true,cancelled,12/18/2022,,Pro,55,Monthly,
190,03/03/2023,USD,false,false,active,,,Basic,5,Annual,
191,09/10/2022,EUR,true,false,trial,,,Basic,89.5,Annual,
192,09/28/2022,EUR,false,true,past due,,,Pro,175,Annual,
193,05/26/2022,EUR,true,true,trial,,,Basic,8.55,Monthly,
194,04/25/2022,USD,true,false,cancelled,08/06/2022,,Enterprise,8.55,Monthly,
195,07/19/2022,USD,false,false,cancelled,,,Pro,5,Annual,
196,08/05/2022,EUR,true,false,active,,,Basic,55,Annual,
197,09/24/2022,EUR,true,false,trial,06/14/2022,,Pro,8.55,Monthly,
198,05/05/2022,EUR,true,true,past due,,,Pro,55,Annual,
199,12/09/2022,EUR,false,true,trial,,,Enterprise,89.5,Monthly,
200,06/08/2022,USD,false,true,active,,,Basic,175,Monthly,
201,06/05/2022,USD,true,false,past due,,,Enterprise,8.55,Monthly,
202,01/11/2023,USD,true,false,active,,,Basic,89.5,Monthly,
203,04/12/2022,USD,true,false,cancelled,,,Pro,8.55,Monthly,
204,07/15/2022,EUR,true,true,active,,,Enterprise,18,Monthly,
205,11/19/2022,USD,true,false,trial,,,Basic,18,Monthly,
206,04/06/2023,USD,true,true,past due,,,Enterprise,175,Monthly,
207,05/20/2022,USD,false,false,cancelled,,,Pro,55,Monthly,
208,01/30/2023,USD,true,true,past due,,,Enterprise,89.5,Annual,
209,09/20/2022,EUR,false,false,active,,,Basic,55,Monthly,
210,05/30/2022,EUR,false,false,past due,,,Basic,18,Monthly,
211,09/11/2022,EUR,false,false,active,,,Basic,5,Monthly,
212,06/05/2022,USD,true,true,cancelled,,,Pro,18,Monthly,
213,06/11/2022,EUR,true,true,active,,,Pro,55,Monthly,
214,09/06/2022,USD,true,false,trial,,,Basic,5,Annual,
215,11/19/2022,EUR,true,false,active,,,Basic,175,Monthly,
216,05/27/2022,USD,false,false,past due,,,Basic,8.55,Monthly,
217,04/19/2022,EUR,false,true,active,,,Pro,89.5,Annual,
218,04/21/2022,EUR,false,true,cancelled,,,Basic,5,Monthly,
219,04/13/2022,USD,true,false,active,,,Pro,89.5,Annual,
220,08/06/2022,USD,false,false,past due,,,Basic,55,Annual,
221,06/06/2022,USD,true,true,trial,,,Enterprise,18,Annual,
222,06/27/2022,USD,false,true,active,,,Enterprise,55,Annual,
223,04/05/2023,EUR,true,true,past due,,,Basic,175,Annual,
224,02/12/2023,USD,false,false,past due,,,Enterprise,55,Monthly,
225,10/13/2022,EUR,false,false,cancelled,,,Enterprise,5,Monthly,
226,06/22/2022,USD,true,true,active,,,Enterprise,89.5,Annual,
227,02/07/2023,EUR,false,true,cancelled,03/02/2023,,Pro,55,Annual,
228,04/23/2022,EUR,false,false,trial,,,Basic,55,Annual,
229,08/21/2022,EUR,false,false,trial,,,Pro,55,Annual,
230,02/10/2023,USD,true,false,cancelled,,,Pro,55,Monthly,
231,10/05/2022,EUR,false,false,trial,,,Pro,5,Monthly,
232,09/18/2022,USD,false,true,past due,,,Basic,175,Monthly,
233,04/03/2023,USD,false,true,cancelled,,,Basic,18,Monthly,
234,02/01/2023,USD,true,true,cancelled,,,Basic,18,Monthly,
235,10/13/2022,EUR,true,true,cancelled,,,Basic,8.55,Monthly,
236,12/06/2022,USD,false,false,trial,,,Basic,5,Monthly,
237,02/23/2023,USD,false,true,trial,,,Basic,18,Annual,
238,11/18/2022,USD,true,true,active,,,Pro,89.5,Annual,
239,05/08/2022,USD,true,true,past due,07/28/2022,,Basic,18,Annual,
240,06/18/2022,USD,false,true,past due,,,Enterprise,175,Annual,
241,09/12/2022,EUR,false,true,active,,,Basic,8.55,Monthly,
242,08/01/2022,USD,false,true,active,11/06/2022,,Basic,89.5,Monthly,
243,06/24/2022,USD,true,true,past due,,,Enterprise,18,Monthly,
244,02/27/2023,USD,false,false,cancelled,,,Pro,5,Annual,
245,12/05/2022,EUR,true,true,cancelled,,,Enterprise,5,Annual,
246,05/04/2022,USD,true,false,trial,,,Enterprise,55,Monthly,
247,03/10/2023,EUR,true,true,active,,,Basic,5,Annual,
248,07/01/2022,USD,false,false,past due,,,Enterprise,5,Annual,
249,11/04/2022,EUR,false,true,past due,,,Enterprise,175,Monthly,
250,06/21/2022,USD,false,false,cancelled,,,Enterprise,8.55,Monthly,
251,10/18/2022,USD,false,false,past due,,,Pro,18,Annual,
252,08/17/2022,EUR,false,false,cancelled,,,Basic,18,Annual,
253,01/14/2023,EUR,true,false,trial,,,Basic,175,Monthly,
254,09/24/2022,USD,false,true,active,,,Pro,8.55,Monthly,
255,05/10/2022,USD,false,false,past due,,,Enterprise,8.55,Monthly,
256,06/04/2022,USD,true,false,active,,,Enterprise,175,Annual,
257,09/28/2022,EUR,true,true,past due,,,Basic,175,Annual,
258,01/02/2023,USD,false,true,past due,,,Basic,5,Annual,
259,04/01/2023,USD,true,true,trial,,,Pro,5,Monthly,
260,06/01/2022,EUR,true,false,past due,,,Enterprise,18,Annual,
261,11/22/2022,EUR,true,false,active,05/01/2022,,Pro,18,Monthly,
262,07/15/2022,USD,false,true,cancelled,04/03/2023,,Basic,18,Annual,
263,01/22/2023,USD,true,true,past due,,,Basic,5,Annual,
264,10/15/2022,USD,false,false,trial,,,Pro,55,Monthly,
265,09/28/2022,USD,false,false,trial,,,Enterprise,18,Annual,
266,06/11/2022,EUR,false,true,trial,,,Basic,5,Annual,
267,12/14/2022,EUR,false,true,past due,12/26/2022,,Pro,18,Annual,
268,11/18/2022,EUR,true,true,active,,,Pro,8.55,Monthly,
269,08/29/2022,EUR,true,false,trial,,,Pro,89.5,Monthly,
270,08/18/2022,EUR,false,true,past due,,,Basic,8.55,Annual,
271,02/03/2023,USD,false,false,cancelled,,,Enterprise,8.55,Monthly,
272,09/26/2022,EUR,false,false,cancelled,,,Basic,55,Monthly,
273,12/05/2022,USD,true,true,active,,,Enterprise,175,Monthly,
274,05/26/2022,EUR,false,false,active,06/27/2022,,Pro,5,Monthly,
275,08/28/2022,USD,true,true,past due,,,Basic,18,Annual,
276,12/28/2022,USD,false,false,past due,,,Enterprise,18,Monthly,
277,10/16/2022,EUR,false,true,past due,,,Pro,55,Monthly,
278,04/18/2022,EUR,true,false,trial,,,Basic,175,Annual,
279,11/28/2022,EUR,false,true,cancelled,,,Pro,175,Annual,
280,09/19/2022,EUR,true,false,active,,,Basic,55,Annual,
281,12/04/2022,USD,false,true,trial,,,Pro,55,Monthly,
282,12/05/2022,EUR,false,true,cancelled,09/22/2022,,Pro,175,Annual,
283,12/27/2022,USD,false,false,active,,,Enterprise,89.5,Annual,
284,11/16/2022,USD,true,false,active,,,Pro,5,Monthly,
285,11/14/2022,USD,false,false,trial,,,Enterprise,18,Annual,
286,07/05/2022,EUR,true,true,active,,,Enterprise,18,Monthly,
287,02/16/2023,EUR,true,true,cancelled,,,Enterprise,5,Monthly,
288,09/02/2022,EUR,false,true,cancelled,,,Enterprise,175,Monthly,
289,04/20/2022,EUR,true,false,active,,,Enterprise,55,Monthly,
290,07/14/2022,EUR,true,true,past due,,,Pro,89.5,Annual,
291,02/15/2023,EUR,true,false,active,,,Enterprise,5,Monthly,
292,12/06/2022,USD,true,true,active,,,Enterprise,5,Monthly,
293,12/07/2022,USD,false,false,active,,,Enterprise,8.55,Annual,
294,04/27/2022,USD,true,false,cancelled,,,Pro,89.5,Monthly,
295,07/09/2022,USD,true,true,active,,,Basic,89.5,Annual,
296,06/30/2022,USD,true,true,active,,,Pro,18,Monthly,
297,12/20/2022,USD,false,true,active,,,Pro,5,Monthly,
298,01/07/2023,USD,true,true,past due,,,Basic,5,Annual,
299,04/03/2023,EUR,true,true,active,,,Pro,5,Annual,
300,03/19/2023,USD,true,false,past due,,,Pro,18,Monthly,
301,08/28/2022,EUR,true,false,trial,,,Pro,89.5,Annual,
302,02/03/2023,USD,false,true,cancelled,,,Enterprise,175,Annual,
303,09/26/2022,EUR,false,false,past due,,,Basic,8.55,Annual,
304,09/16/2022,EUR,false,false,past due,,,Pro,55,Annual,
305,03/25/2023,USD,false,false,trial,,,Pro,175,Annual,
306,12/26/2022,USD,true,true,active,,,Basic,89.5,Annual,
307,06/23/2022,EUR,false,false,trial,,,Enterprise,18,Monthly,
308,01/18/2023,USD,true,true,active,,,Basic,5,Annual,
309,02/08/2023,EUR,false,true,active,,,Pro,55,Monthly,
310,01/24/2023,EUR,true,true,active,,,Pro,55,Annual,
311,10/24/2022,USD,false,false,past due,,,Enterprise,175,Annual,
312,09/11/2022,USD,true,false,active,,,Enterprise,18,Monthly,
313,04/12/2022,EUR,true,false,past due,,,Enterprise,175,Annual,
314,04/29/2022,USD,true,true,trial,,,Basic,5,Monthly,false
315,04/15/2022,EUR,true,true,cancelled,,,Pro,18,Monthly,
316,08/22/2022,USD,false,false,trial,,,Enterprise,5,Monthly,
317,12/24/2022,EUR,false,false,active,,,Enterprise,18,Monthly,
318,02/11/2023,EUR,false,false,cancelled,,,Enterprise,55,Monthly,
319,06/08/2022,EUR,false,true,trial,,,Enterprise,175,Annual,
320,05/15/2022,USD,false,true,trial,,,Enterprise,8.55,Annual,
321,12/14/2022,EUR,false,true,cancelled,,,Enterprise,18,Monthly,
322,04/22/2022,EUR,true,false,active,,,Enterprise,175,Annual,
323,09/17/2022,EUR,false,true,active,,,Basic,5,Monthly,
324,03/21/2023,USD,true,true,active,,,Enterprise,18,Annual,
325,06/05/2022,EUR,true,true,trial,,,Basic,89.5,Annual,
326,07/27/2022,EUR,false,false,trial,07/01/2022,,Basic,8.55,Monthly,
327,09/04/2022,EUR,true,false,cancelled,,,Enterprise,89.5,Monthly,
328,03/26/2023,EUR,false,false,active,,,Enterprise,175,Monthly,
329,05/05/2022,EUR,false,true,cancelled,,,Basic,89.5,Monthly,
330,08/05/2022,USD,true,true,trial,,,Basic,18,Monthly,
331,05/18/2022,EUR,false,false,past due,,,Enterprise,5,Annual,
332,09/29/2022,EUR,true,false,active,,,Basic,89.5,Annual,
333,09/27/2022,EUR,false,false,active,,,Enterprise,8.55,Monthly,
334,03/09/2023,EUR,false,true,active,,,Enterprise,175,Annual,false
335,08/04/2022,USD,true,true,cancelled,,,Pro,8.55,Annual,
336,10/19/2022,EUR,false,false,cancelled,,,Pro,175,Monthly,
337,05/06/2022,USD,true,false,cancelled,,02/13/2023,Basic,5,Annual,true
338,06/27/2022,EUR,false,false,trial,,,Basic,8.55,Annual,
339,05/12/2022,USD,false,false,trial,,,Enterprise,175,Monthly,
340,03/14/2023,EUR,false,true,active,,,Pro,5,Annual,
341,06/22/2022,USD,true,false,active,,,Enterprise,8.55,Annual,
342,11/24/2022,USD,true,false,trial,,,Basic,55,Annual,
343,11/06/2022,EUR,true,false,cancelled,,,Enterprise,175,Annual,
344,12/12/2022,USD,false,false,active,,,Pro,55,Monthly,
345,07/31/2022,EUR,true,false,active,,,Enterprise,55,Monthly,
346,07/21/2022,EUR,false,false,past due,,,Enterprise,18,Annual,
347,01/28/2023,EUR,true,true,cancelled,,,Enterprise,18,Monthly,
348,09/18/2022,USD,true,true,past due,,,Pro,8.55,Annual,
349,04/23/2022,USD,false,false,active,,,Pro,18,Monthly,
350,01/04/2023,EUR,true,true,active,,,Basic,8.55,Monthly,
351,01/13/2023,EUR,true,true,active,,,Pro,89.5,Monthly,
352,07/10/2022,EUR,true,true,past due,,,Pro,5,Annual,
353,04/15/2022,EUR,false,false,active,,,Basic,89.5,Monthly,
354,04/30/2022,USD,false,true,trial,,,Pro,18,Monthly,
355,07/05/2022,EUR,true,false,cancelled,,,Pro,55,Monthly,
356,03/11/2023,EUR,false,true,past due,,,Enterprise,175,Monthly,
357,06/26/2022,EUR,true,true,active,,,Enterprise,5,Monthly,
358,01/08/2023,USD,false,true,past due,,,Enterprise,89.5,Annual,
359,08/15/2022,EUR,false,true,cancelled,,,Enterprise,89.5,Monthly,
360,11/23/2022,USD,true,false,cancelled,,,Pro,8.55,Annual,
361,07/01/2022,USD,true,false,trial,,,Pro,55,Annual,
362,03/31/2023,USD,false,false,cancelled,,,Basic,8.55,Annual,
363,10/27/2022,EUR,false,false,active,,,Pro,5,Annual,
364,12/12/2022,EUR,false,false,trial,,,Basic,5,Annual,
365,11/24/2022,USD,false,false,past due,02/04/2023,,Enterprise,89.5,Annual,
366,12/23/2022,USD,false,true,active,10/25/2022,,Enterprise,175,Monthly,
367,09/12/2022,USD,false,false,trial,,,Pro,89.5,Monthly,
368,03/13/2023,USD,true,true,past due,,,Pro,18,Monthly,
369,02/15/2023,EUR,false,false,past due,,,Pro,89.5,Annual,
370,07/26/2022,USD,false,true,trial,,,Enterprise,18,Monthly,
371,06/22/2022,EUR,true,true,trial,,,Basic,55,Monthly,
372,10/27/2022,EUR,false,true,past due,,,Basic,175,Annual,
373,08/05/2022,USD,true,true,past due,,,Basic,89.5,Monthly,
374,11/18/2022,USD,false,false,cancelled,,,Pro,8.55,Monthly,
375,05/19/2022,USD,false,false,cancelled,,,Basic,89.5,Monthly,
376,09/30/2022,USD,false,true,past due,,,Basic,55,Monthly,
377,08/19/2022,EUR,false,true,past due,,,Pro,175,Monthly,
378,11/23/2022,USD,true,true,cancelled,,,Basic,5,Annual,
379,04/19/2022,USD,false,false,trial,,,Enterprise,18,Monthly,
380,06/29/2022,EUR,true,true,past due,,,Basic,8.55,Annual,
381,02/07/2023,USD,true,true,active,,,Pro,89.5,Monthly,
382,04/02/2023,EUR,true,false,active,,,Basic,89.5,Monthly,
383,11/29/2022,EUR,false,false,past due,,,Enterprise,55,Monthly,
384,09/24/2022,USD,true,true,cancelled,,,Enterprise,18,Annual,
385,05/01/2022,EUR,true,true,cancelled,,,Basic,5,Monthly,
386,09/13/2022,USD,true,false,cancelled,,,Pro,5,Monthly,
387,11/04/2022,EUR,true,false,trial,,,Enterprise,89.5,Annual,
388,01/23/2023,EUR,true,false,trial,,,Pro,89.5,Monthly,
389,04/23/2022,USD,false,true,past due,02/03/2023,,Pro,55,Monthly,
390,11/01/2022,EUR,false,false,cancelled,,,Enterprise,175,Annual,
391,04/12/2022,EUR,true,false,past due,,,Enterprise,89.5,Monthly,
392,01/03/2023,USD,true,true,trial,,,Enterprise,18,Annual,
393,03/07/2023,USD,true,false,trial,,,Enterprise,89.5,Annual,
394,02/13/2023,EUR,false,false,cancelled,,,Enterprise,5,Monthly,
395,12/31/2022,EUR,false,false,trial,,,Pro,8.55,Monthly,
396,12/03/2022,EUR,false,false,past due,,,Enterprise,18,Monthly,
397,01/26/2023,EUR,false,true,active,,,Pro,89.5,Annual,
398,04/27/2022,EUR,false,false,past due,,,Enterprise,18,Monthly,
399,12/29/2022,EUR,false,true,trial,,,Pro,18,Monthly,
400,10/27/2022,USD,true,true,cancelled,,,Pro,8.55,Annual,
401,01/26/2023,USD,false,true,active,08/28/2022,,Enterprise,89.5,Monthly,
402,01/26/2023,USD,false,true,active,,,Enterprise,5,Annual,
403,05/12/2022,USD,false,true,active,,,Pro,55,Monthly,
404,05/25/2022,EUR,true,true,trial,,,Pro,89.5,Monthly,
405,09/27/2022,EUR,true,false,cancelled,,,Enterprise,175,Annual,
406,07/22/2022,EUR,true,true,trial,,,Enterprise,175,Monthly,
407,10/20/2022,EUR,false,true,trial,,,Enterprise,55,Annual,
408,03/02/2023,EUR,false,false,active,,,Pro,5,Annual,
409,11/21/2022,USD,false,true,past due,,,Enterprise,18,Annual,
410,04/02/2023,EUR,false,false,trial,,,Basic,89.5,Annual,
411,02/08/2023,EUR,true,false,past due,10/04/2022,,Enterprise,175,Annual,
412,08/01/2022,USD,false,true,trial,,,Enterprise,5,Annual,
413,08/11/2022,USD,true,false,trial,01/24/2023,,Pro,175,Annual,
414,11/30/2022,EUR,true,true,trial,,,Pro,175,Monthly,
415,03/23/2023,EUR,false,true,active,,,Enterprise,55,Annual,
416,02/19/2023,EUR,false,false,cancelled,,,Basic,175,Annual,
417,06/15/2022,EUR,true,false,past due,,,Enterprise,18,Monthly,
418,04/09/2023,USD,false,false,cancelled,,,Pro,18,Annual,
419,08/27/2022,EUR,true,true,trial,,,Pro,175,Monthly,
420,01/26/2023,EUR,true,true,past due,,,Enterprise,5,Annual,
421,11/12/2022,EUR,true,false,trial,,,Basic,8.55,Monthly,
422,01/03/2023,EUR,true,false,trial,,,Pro,175,Annual,
423,03/29/2023,USD,true,false,cancelled,,,Pro,175,Annual,
424,02/23/2023,EUR,true,true,trial,,,Enterprise,55,Monthly,
425,08/28/2022,EUR,false,true,cancelled,,,Pro,5,Monthly,
426,10/12/2022,USD,true,false,cancelled,,,Basic,8.55,Monthly,
427,06/04/2022,USD,true,false,cancelled,,,Pro,8.55,Monthly,
428,03/12/2023,USD,false,false,cancelled,,,Pro,5,Monthly,
429,02/19/2023,USD,true,true,trial,,,Pro,5,Annual,
430,05/18/2022,USD,false,false,trial,,,Pro,175,Monthly,
431,12/26/2022,EUR,false,true,cancelled,,,Basic,8.55,Annual,false
432,02/11/2023,EUR,true,true,active,,,Pro,8.55,Monthly,
433,10/22/2022,EUR,false,false,active,,,Basic,89.5,Annual,
434,11/05/2022,USD,false,false,cancelled,,,Enterprise,89.5,Monthly,
435,02/16/2023,EUR,false,false,past due,,,Pro,89.5,Monthly,
436,02/21/2023,USD,true,false,cancelled,,,Basic,89.5,Monthly,
437,11/15/2022,USD,false,false,active,,,Basic,18,Monthly,
438,12/30/2022,EUR,true,true,active,,,Basic,5,Annual,
439,12/07/2022,EUR,false,false,past due,,,Enterprise,8.55,Annual,
440,07/14/2022,EUR,false,true,trial,,11/25/2022,Enterprise,18,Annual,
441,01/24/2023,EUR,false,true,active,,,Pro,18,Monthly,
442,08/17/2022,EUR,false,true,trial,,,Pro,175,Annual,
443,03/12/2023,EUR,false,false,cancelled,,,Basic,175,Annual,
444,08/15/2022,EUR,false,true,trial,,,Enterprise,89.5,Monthly,
445,07/28/2022,USD,false,true,cancelled,,,Basic,8.55,Annual,
446,07/10/2022,EUR,false,false,trial,,,Enterprise,175,Annual,
447,08/31/2022,USD,false,true,trial,,,Enterprise,8.55,Monthly,
448,04/05/2023,EUR,false,true,active,,,Pro,89.5,Annual,
449,10/09/2022,EUR,true,false,trial,,,Pro,175,Annual,
450,04/02/2023,EUR,true,true,cancelled,,,Basic,18,Annual,
451,01/13/2023,EUR,false,false,active,,,Pro,8.55,Monthly,
452,07/30/2022,EUR,false,true,active,,,Enterprise,55,Monthly,
453,01/20/2023,USD,true,false,cancelled,,,Pro,8.55,Annual,
454,04/29/2022,EUR,false,false,trial,,,Pro,5,Annual,
455,09/20/2022,USD,true,false,cancelled,,,Enterprise,175,Annual,
456,07/24/2022,USD,true,false,trial,,,Pro,55,Annual,
457,07/24/2022,EUR,true,true,past due,,,Basic,89.5,Monthly,
458,02/18/2023,EUR,true,true,trial,,,Pro,5,Annual,
459,11/17/2022,USD,false,false,active,,,Enterprise,89.5,Annual,
460,05/22/2022,USD,false,true,active,,,Enterprise,8.55,Annual,
461,08/26/2022,USD,false,true,past due,,,Basic,175,Annual,
462,04/24/2022,EUR,false,false,past due,,,Enterprise,8.55,Annual,
463,07/29/2022,USD,true,false,trial,,,Enterprise,175,Annual,
464,10/11/2022,USD,false,true,trial,,,Enterprise,18,Annual,
465,06/14/2022,USD,false,true,past due,,,Basic,55,Annual,
466,07/30/2022,USD,false,false,past due,,,Enterprise,55,Monthly,
467,08/29/2022,USD,false,false,trial,,,Basic,18,Annual,
468,06/16/2022,EUR,false,false,cancelled,,,Basic,5,Annual,
469,07/22/2022,EUR,false,true,cancelled,,,Pro,5,Annual,
470,01/12/2023,USD,true,true,cancelled,,,Enterprise,18,Monthly,
471,07/05/2022,EUR,true,true,trial,,,Pro,5,Annual,
472,07/08/2022,EUR,false,false,active,,,Basic,89.5,Monthly,
473,07/25/2022,USD,true,true,active,,,Basic,55,Annual,
474,09/08/2022,USD,true,true,cancelled,,,Basic,89.5,Annual,
475,02/28/2023,USD,true,true,cancelled,,,Basic,89.5,Annual,
476,07/06/2022,EUR,false,false,cancelled,,,Basic,89.5,Annual,
477,06/24/2022,USD,false,false,cancelled,08/03/2022,,Basic,55,Monthly,
478,03/08/2023,EUR,false,false,trial,,,Enterprise,8.55,Monthly,
479,04/04/2023,EUR,true,false,cancelled,,,Pro,8.55,Annual,
480,08/10/2022,EUR,true,false,cancelled,,,Enterprise,175,Monthly,
481,12/30/2022,USD,true,true,active,,,Basic,18,Monthly,
482,12/07/2022,EUR,false,true,cancelled,,,Pro,18,Annual,
483,09/01/2022,EUR,true,false,active,,,Basic,18,Monthly,
484,01/18/2023,EUR,true,false,cancelled,,,Enterprise,55,Annual,
485,05/27/2022,EUR,true,true,past due,,,Pro,175,Annual,
486,01/11/2023,USD,true,false,active,,,Enterprise,89.5,Annual,
487,09/20/2022,USD,false,true,active,,,Pro,175,Monthly,
488,07/11/2022,USD,false,false,active,,,Basic,8.55,Monthly,
489,02/13/2023,USD,true,true,trial,,,Enterprise,175,Annual,
490,10/16/2022,EUR,false,true,trial,,,Pro,8.55,Annual,
491,07/04/2022,EUR,true,false,active,,,Enterprise,8.55,Monthly,
492,01/02/2023,EUR,true,false,cancelled,,,Pro,175,Annual,
493,01/01/2023,USD,false,true,trial,,,Basic,18,Annual,
494,03/30/2023,USD,true,false,trial,,,Enterprise,8.55,Monthly,
495,03/24/2023,EUR,false,true,past due,,,Pro,175,Monthly,
496,05/17/2022,USD,false,false,active,,,Enterprise,5,Monthly,
497,10/12/2022,USD,false,false,trial,,,Pro,8.55,Annual,
498,09/08/2022,EUR,false,false,cancelled,,,Pro,8.55,Monthly,
499,05/29/2022,EUR,true,true,trial,,,Pro,5,Annual,
500,01/22/2023,EUR,true,true,cancelled,,,Pro,8.55,Monthly,
501,11/19/2022,EUR,true,true,cancelled,,,Basic,5,Annual,false
502,02/06/2023,EUR,true,false,past due,,,Basic,55,Monthly,
503,10/19/2022,USD,true,false,past due,03/17/2023,,Pro,8.55,Annual,
504,07/03/2022,EUR,true,false,cancelled,,,Enterprise,175,Monthly,
505,06/12/2022,USD,true,false,trial,,,Pro,5,Annual,
506,02/26/2023,USD,false,false,past due,03/25/2023,,Pro,175,Annual,
507,06/07/2022,USD,true,false,cancelled,,,Enterprise,175,Annual,
508,11/27/2022,USD,false,true,active,,,Enterprise,18,Annual,
509,10/03/2022,EUR,false,true,active,,,Pro,5,Annual,
510,09/16/2022,EUR,true,false,active,11/11/2022,,Pro,5,Monthly,
511,11/16/2022,USD,true,true,past due,,,Enterprise,18,Annual,
512,02/03/2023,USD,false,false,cancelled,,,Pro,89.5,Annual,
513,11/05/2022,USD,false,false,trial,,,Basic,89.5,Monthly,
514,08/12/2022,EUR,false,false,cancelled,,05/28/2022,Basic,5,Annual,
515,06/30/2022,USD,false,false,cancelled,,,Basic,8.55,Monthly,
516,09/10/2022,EUR,false,true,trial,,,Basic,8.55,Annual,
517,02/25/2023,EUR,true,false,trial,,,Basic,55,Monthly,
518,12/21/2022,EUR,true,false,trial,,,Enterprise,18,Monthly,
519,02/10/2023,EUR,false,false,active,,,Enterprise,89.5,Annual,
520,02/25/2023,USD,true,false,cancelled,,,Basic,175,Annual,
521,03/06/2023,EUR,false,true,active,,,Basic,55,Monthly,
522,01/04/2023,USD,false,false,past due,,,Basic,8.55,Annual,
523,11/11/2022,EUR,false,true,trial,,,Enterprise,55,Annual,
524,04/03/2023,EUR,true,false,cancelled,,,Pro,175,Monthly,
525,08/31/2022,USD,true,true,past due,,,Pro,5,Annual,
526,07/22/2022,USD,true,false,past due,,,Pro,8.55,Monthly,
527,02/26/2023,USD,false,false,past due,,,Enterprise,8.55,Annual,
528,09/10/2022,USD,false,true,active,,,Enterprise,5,Annual,true
529,05/04/2022,EUR,true,false,cancelled,,,Pro,55,Monthly,
530,09/19/2022,EUR,false,true,cancelled,,,Basic,8.55,Annual,
531,11/02/2022,USD,true,false,active,07/23/2022,,Pro,55,Monthly,
532,04/22/2022,EUR,true,true,active,,,Pro,5,Monthly,
533,01/06/2023,USD,true,false,cancelled,09/19/2022,,Basic,89.5,Monthly,
534,12/12/2022,USD,true,false,past due,,,Enterprise,8.55,Annual,
535,01/07/2023,USD,false,false,cancelled,,,Enterprise,18,Monthly,
536,05/17/2022,USD,true,false,active,,,Enterprise,175,Monthly,
537,08/15/2022,USD,true,true,trial,,,Pro,175,Annual,
538,05/27/2022,EUR,true,false,active,,,Enterprise,55,Monthly,
539,06/09/2022,EUR,false,false,active,01/06/2023,,Basic,55,Annual,
540,09/30/2022,USD,false,false,trial,,,Pro,18,Monthly,
541,10/26/2022,EUR,false,false,past due,,,Enterprise,18,Monthly,
542,07/10/2022,USD,true,true,trial,,,Enterprise,55,Monthly,
543,10/01/2022,EUR,false,true,past due,,,Basic,55,Annual,
544,07/21/2022,USD,false,false,trial,,,Pro,18,Monthly,
545,03/11/2023,USD,true,false,trial,05/04/2022,,Basic,18,Annual,
546,05/24/2022,USD,false,false,cancelled,,,Basic,8.55,Monthly,
547,09/02/2022,EUR,false,false,cancelled,,,Pro,175,Annual,
548,05/30/2022,EUR,false,false,past due,,,Enterprise,8.55,Monthly,
549,10/24/2022,USD,true,false,cancelled,,,Enterprise,55,Monthly,
550,03/26/2023,USD,false,false,active,,,Pro,175,Annual,
551,12/31/2022,USD,true,false,past due,,,Pro,8.55,Annual,
552,12/29/2022,USD,true,true,past due,,,Enterprise,5,Monthly,
553,03/02/2023,EUR,true,true,cancelled,,,Basic,175,Monthly,
554,06/11/2022,EUR,true,false,trial,,,Enterprise,89.5,Monthly,
555,02/15/2023,EUR,false,true,past due,,,Enterprise,5,Monthly,
556,10/03/2022,EUR,true,true,past due,,,Pro,89.5,Annual,
557,02/09/2023,EUR,true,true,past due,,,Pro,89.5,Monthly,
558,02/18/2023,USD,false,false,active,,,Enterprise,175,Monthly,
559,08/20/2022,USD,false,true,past due,,,Basic,5,Annual,
560,10/09/2022,EUR,true,true,active,,,Basic,175,Monthly,
561,06/14/2022,USD,false,true,cancelled,,,Pro,55,Annual,
562,02/08/2023,USD,true,true,cancelled,,,Enterprise,18,Annual,
563,01/01/2023,EUR,false,false,active,,,Basic,55,Monthly,
564,04/19/2022,USD,true,true,active,,,Basic,18,Annual,
565,08/30/2022,EUR,false,false,past due,,,Enterprise,89.5,Monthly,
566,10/28/2022,EUR,false,true,cancelled,,,Basic,18,Annual,
567,08/28/2022,USD,true,false,active,,,Basic,18,Annual,
568,10/28/2022,USD,false,true,active,,,Pro,8.55,Annual,
569,05/03/2022,USD,false,false,cancelled,,,Basic,175,Monthly,false
570,03/21/2023,USD,true,true,cancelled,,,Enterprise,5,Monthly,
571,06/22/2022,EUR,true,false,past due,,,Enterprise,55,Monthly,
572,01/03/2023,EUR,false,true,past due,,,Basic,8.55,Annual,
573,10/11/2022,USD,true,false,trial,,,Pro,89.5,Monthly,
574,07/18/2022,EUR,false,true,trial,11/11/2022,,Enterprise,5,Monthly,
575,03/05/2023,USD,true,true,trial,02/03/2023,,Pro,18,Annual,
576,07/28/2022,USD,false,true,trial,,,Basic,89.5,Monthly,
577,07/14/2022,USD,false,false,cancelled,,,Basic,175,Monthly,
578,10/14/2022,USD,false,false,active,10/17/2022,,Pro,8.55,Annual,
579,04/03/2023,EUR,true,true,trial,,,Pro,89.5,Annual,
580,12/18/2022,EUR,true,false,active,,,Pro,18,Annual,
581,10/08/2022,USD,true,true,trial,,,Pro,8.55,Monthly,
582,10/29/2022,USD,false,false,trial,,,Enterprise,8.55,Annual,
583,11/24/2022,EUR,false,false,cancelled,,,Enterprise,18,Annual,
584,08/25/2022,EUR,true,false,cancelled,,,Pro,18,Monthly,
585,06/05/2022,USD,true,true,trial,,,Enterprise,5,Annual,
586,12/02/2022,EUR,true,true,cancelled,,,Basic,89.5,Monthly,
587,11/04/2022,EUR,true,true,past due,,,Basic,175,Monthly,
588,07/04/2022,EUR,true,true,trial,,,Enterprise,5,Annual,
589,04/11/2023,EUR,false,false,cancelled,,,Pro,89.5,Annual,
590,01/06/2023,USD,false,true,past due,,,Enterprise,55,Annual,
591,08/27/2022,USD,false,true,active,,,Basic,5,Monthly,
592,09/11/2022,EUR,true,true,active,,,Basic,55,Monthly,
593,01/06/2023,USD,true,true,past due,,10/28/2022,Enterprise,175,Monthly,
594,10/31/2022,EUR,false,true,cancelled,,,Enterprise,55,Annual,
595,10/06/2022,USD,true,false,cancelled,,,Basic,89.5,Annual,
596,12/11/2022,EUR,false,true,active,,,Pro,175,Annual,
597,09/23/2022,USD,false,false,past due,,,Enterprise,18,Annual,
598,07/19/2022,EUR,false,true,active,,,Pro,18,Monthly,
599,07/29/2022,EUR,false,false,past due,,,Pro,18,Annual,
600,07/27/2022,USD,true,true,past due,,,Basic,5,Annual,
601,11/22/2022,EUR,true,false,past due,,,Basic,5,Monthly,
602,01/11/2023,USD,false,false,active,,,Basic,18,Annual,
603,02/12/2023,USD,true,false,past due,11/02/2022,,Enterprise,18,Annual,
604,06/04/2022,USD,false,true,past due,,,Enterprise,175,Annual,
605,03/02/2023,EUR,true,false,active,,,Enterprise,175,Annual,
606,10/15/2022,EUR,true,true,active,,,Enterprise,175,Monthly,
607,11/28/2022,EUR,false,true,cancelled,,,Pro,175,Annual,
608,05/31/2022,USD,true,false,active,,,Basic,18,Monthly,
609,06/17/2022,EUR,true,false,cancelled,,,Basic,89.5,Monthly,
610,05/19/2022,USD,true,true,active,,,Pro,55,Monthly,
611,12/10/2022,USD,true,false,active,,,Basic,8.55,Monthly,
612,02/24/2023,EUR,false,true,active,,,Pro,5,Annual,
613,03/18/2023,EUR,true,true,past due,,,Enterprise,55,Monthly,
614,03/04/2023,EUR,false,true,past due,,,Enterprise,55,Annual,
615,12/05/2022,EUR,false,true,cancelled,01/06/2023,,Basic,5,Annual,
616,10/29/2022,EUR,false,false,active,,,Pro,175,Monthly,
617,08/07/2022,USD,true,true,active,,,Pro,89.5,Annual,
618,03/23/2023,USD,true,true,active,,,Enterprise,89.5,Monthly,
619,12/17/2022,EUR,false,true,past due,04/28/2022,,Pro,18,Monthly,
620,09/05/2022,USD,true,false,active,,,Basic,55,Annual,
621,08/10/2022,USD,false,true,cancelled,,,Basic,18,Monthly,
622,12/16/2022,USD,false,false,trial,,,Basic,175,Annual,
623,08/15/2022,EUR,false,false,trial,,,Basic,55,Monthly,
624,05/15/2022,EUR,false,true,active,,,Pro,175,Annual,
625,04/30/2022,USD,true,true,active,,,Basic,5,Annual,
626,03/29/2023,USD,false,true,cancelled,,,Enterprise,5,Annual,
627,02/03/2023,EUR,false,false,active,,,Enterprise,55,Annual,
628,05/07/2022,USD,false,true,cancelled,,,Enterprise,89.5,Monthly,
629,09/03/2022,USD,false,false,cancelled,,,Basic,89.5,Monthly,
630,04/30/2022,USD,false,true,past due,,,Basic,175,Monthly,
631,03/13/2023,EUR,false,false,cancelled,,,Basic,55,Annual,
632,09/11/2022,EUR,true,true,past due,,,Enterprise,18,Monthly,
633,08/13/2022,USD,true,true,trial,,,Enterprise,18,Monthly,
634,07/14/2022,USD,true,true,active,,,Basic,5,Annual,
635,05/24/2022,EUR,false,false,active,,,Enterprise,8.55,Annual,
636,04/29/2022,EUR,false,false,past due,,,Basic,8.55,Monthly,
637,11/01/2022,USD,true,true,past due,,,Pro,55,Monthly,
638,04/02/2023,EUR,true,false,cancelled,,,Basic,8.55,Annual,
639,02/13/2023,EUR,true,true,trial,,,Pro,89.5,Monthly,
640,05/07/2022,EUR,true,true,past due,10/18/2022,,Basic,18,Monthly,
641,03/19/2023,USD,true,true,trial,,,Pro,175,Monthly,
642,05/16/2022,EUR,false,true,past due,,,Pro,175,Annual,
643,02/20/2023,EUR,false,true,past due,,05/04/2022,Pro,5,Annual,
644,04/29/2022,USD,false,false,trial,,,Enterprise,175,Monthly,
645,01/17/2023,EUR,false,true,trial,,,Pro,5,Monthly,
646,07/31/2022,USD,true,true,past due,,,Basic,8.55,Monthly,
647,11/11/2022,USD,true,false,trial,,,Pro,89.5,Monthly,
648,12/30/2022,EUR,false,true,past due,,,Enterprise,89.5,Annual,
649,04/10/2023,USD,false,true,cancelled,,,Basic,18,Monthly,
650,12/07/2022,EUR,true,false,trial,,,Basic,5,Monthly,
651,06/11/2022,USD,true,false,trial,,,Enterprise,55,Monthly,
652,04/26/2022,EUR,false,false,cancelled,,,Pro,55,Annual,
653,12/11/2022,EUR,false,true,past due,,,Enterprise,5,Monthly,
654,03/15/2023,USD,true,false,past due,,06/24/2022,Pro,89.5,Monthly,
655,01/31/2023,EUR,false,false,active,,,Pro,18,Monthly,
656,06/20/2022,EUR,false,true,trial,,,Enterprise,8.55,Annual,
657,06/04/2022,EUR,false,true,active,,,Basic,8.55,Annual,
658,11/01/2022,USD,true,false,cancelled,,,Basic,89.5,Monthly,
659,08/09/2022,EUR,false,true,past due,,,Basic,8.55,Monthly,
660,11/12/2022,USD,false,true,cancelled,,,Pro,175,Annual,
661,07/30/2022,EUR,false,false,active,,,Basic,175,Monthly,
662,11/27/2022,EUR,true,false,cancelled,,,Basic,175,Annual,
663,01/02/2023,EUR,false,false,active,,,Basic,89.5,Monthly,
664,07/03/2022,EUR,true,true,past due,,,Pro,89.5,Monthly,
665,01/09/2023,EUR,true,true,past due,,,Basic,8.55,Monthly,
666,12/12/2022,EUR,true,true,past due,11/06/2022,,Enterprise,55,Annual,
667,07/31/2022,EUR,false,false,past due,,,Enterprise,89.5,Annual,
668,04/18/2022,EUR,true,true,active,,,Pro,8.55,Monthly,
669,01/31/2023,EUR,false,false,active,,,Enterprise,55,Monthly,
670,01/12/2023,USD,true,false,trial,,11/19/2022,Basic,5,Annual,
671,10/18/2022,EUR,false,false,cancelled,,,Pro,8.55,Monthly,
672,07/07/2022,EUR,false,true,active,,,Basic,89.5,Annual,
673,06/22/2022,USD,false,true,trial,01/05/2023,,Pro,18,Monthly,
674,01/31/2023,EUR,true,false,past due,,,Basic,55,Annual,
675,02/10/2023,USD,false,false,trial,,,Pro,175,Monthly,
676,09/17/2022,EUR,true,false,active,,,Pro,18,Monthly,
677,09/17/2022,EUR,true,true,cancelled,,,Basic,5,Monthly,
678,05/19/2022,EUR,true,true,past due,,,Pro,89.5,Annual,
679,03/29/2023,EUR,false,false,past due,,,Enterprise,5,Annual,
680,12/05/2022,EUR,false,false,active,,,Enterprise,8.55,Monthly,
681,12/01/2022,EUR,false,false,past due,,,Enterprise,8.55,Monthly,
682,07/02/2022,USD,true,false,cancelled,,,Enterprise,175,Monthly,
683,01/05/2023,EUR,true,true,cancelled,,,Basic,5,Monthly,true
684,04/21/2022,USD,true,false,trial,,,Pro,175,Monthly,
685,10/14/2022,EUR,true,true,trial,,05/22/2022,Pro,175,Monthly,
686,06/05/2022,EUR,false,false,cancelled,,,Pro,89.5,Monthly,
687,09/03/2022,EUR,false,true,cancelled,,,Enterprise,8.55,Monthly,
688,10/23/2022,EUR,false,false,trial,,,Enterprise,55,Annual,
689,10/04/2022,EUR,true,false,active,,,Enterprise,5,Monthly,
690,01/08/2023,USD,false,true,active,,,Basic,5,Monthly,
691,01/20/2023,EUR,true,true,trial,,,Pro,89.5,Monthly,
692,10/06/2022,USD,true,true,active,,,Pro,18,Annual,
693,11/08/2022,USD,true,false,trial,06/30/2022,,Pro,175,Annual,
694,10/03/2022,USD,false,true,cancelled,,,Pro,18,Annual,
695,07/13/2022,EUR,true,false,cancelled,,,Pro,89.5,Annual,
696,01/25/2023,EUR,true,true,trial,,,Basic,55,Monthly,
697,12/12/2022,EUR,false,true,cancelled,,,Enterprise,175,Annual,
698,12/18/2022,USD,false,true,cancelled,,,Basic,5,Monthly,
699,09/29/2022,USD,true,false,past due,,,Basic,8.55,Annual,
700,08/11/2022,USD,false,true,active,,,Pro,18,Monthly,
701,01/20/2023,USD,false,true,past due,,,Pro,175,Monthly,
702,07/11/2022,EUR,false,true,cancelled,,,Pro,18,Monthly,
703,01/13/2023,USD,true,false,past due,,,Basic,5,Annual,
704,02/26/2023,USD,true,false,cancelled,,,Pro,18,Monthly,
705,07/15/2022,EUR,true,true,active,,,Basic,175,Annual,
706,05/08/2022,USD,true,true,past due,,,Pro,18,Annual,
707,03/19/2023,EUR,true,false,cancelled,,,Basic,8.55,Annual,
708,10/12/2022,EUR,false,true,trial,,,Pro,55,Monthly,
709,01/01/2023,EUR,false,false,active,,,Enterprise,89.5,Monthly,
710,11/04/2022,EUR,false,false,cancelled,,,Pro,89.5,Monthly,
711,03/05/2023,EUR,true,true,active,,,Pro,5,Annual,
712,05/16/2022,EUR,true,false,past due,,,Basic,18,Annual,
713,10/12/2022,EUR,true,false,past due,,,Enterprise,175,Monthly,
714,07/31/2022,USD,false,false,past due,,09/28/2022,Enterprise,18,Monthly,
715,10/18/2022,EUR,true,true,cancelled,,,Basic,18,Annual,
716,01/06/2023,USD,true,false,trial,,,Enterprise,55,Annual,
717,12/21/2022,EUR,false,true,trial,,,Enterprise,55,Monthly,
718,01/11/2023,EUR,true,true,trial,,,Enterprise,18,Annual,
719,02/28/2023,USD,false,false,cancelled,,,Pro,8.55,Monthly,
720,11/24/2022,USD,true,false,past due,11/22/2022,,Pro,55,Monthly,
721,12/17/2022,USD,false,false,cancelled,,,Pro,89.5,Annual,
722,06/02/2022,EUR,true,false,past due,,,Enterprise,89.5,Monthly,
723,05/30/2022,EUR,false,false,past due,,,Pro,55,Monthly,
724,07/25/2022,EUR,true,true,past due,,,Enterprise,18,Annual,
725,04/01/2023,EUR,false,true,past due,,,Basic,8.55,Monthly,
726,09/06/2022,EUR,true,true,trial,,,Pro,175,Annual,
727,10/28/2022,USD,true,true,cancelled,,,Pro,175,Annual,
728,07/02/2022,USD,true,false,past due,,,Pro,5,Monthly,
729,06/15/2022,EUR,false,false,trial,,,Basic,89.5,Monthly,
730,08/24/2022,EUR,true,true,cancelled,,,Basic,18,Annual,
731,03/26/2023,EUR,true,false,cancelled,,,Basic,5,Annual,
732,06/11/2022,USD,true,true,cancelled,,,Basic,18,Annual,
733,12/15/2022,USD,true,true,trial,,,Basic,5,Annual,
734,12/03/2022,EUR,false,false,cancelled,,,Pro,5,Annual,
735,05/27/2022,EUR,true,true,past due,,,Enterprise,8.55,Annual,
736,02/12/2023,EUR,false,false,cancelled,,,Enterprise,18,Annual,
737,10/18/2022,EUR,true,false,cancelled,,,Enterprise,8.55,Annual,
738,02/02/2023,EUR,true,true,past due,,,Basic,55,Annual,
739,09/25/2022,EUR,false,true,trial,,,Pro,89.5,Monthly,
740,04/20/2022,USD,true,false,cancelled,,,Pro,8.55,Monthly,
741,01/21/2023,USD,false,true,active,,,Basic,55,Monthly,
742,06/21/2022,USD,false,false,trial,,,Pro,18,Monthly,
743,04/21/2022,USD,true,false,active,,,Pro,89.5,Annual,
744,09/19/2022,EUR,true,true,cancelled,,,Basic,18,Monthly,
745,05/09/2022,USD,true,true,past due,,,Enterprise,175,Annual,
746,01/02/2023,USD,true,true,trial,,,Basic,175,Monthly,
747,12/27/2022,USD,false,true,active,,,Enterprise,55,Monthly,
748,09/06/2022,EUR,true,false,past due,,,Basic,55,Monthly,
749,11/22/2022,USD,false,false,cancelled,,,Enterprise,175,Annual,
750,09/04/2022,EUR,false,true,cancelled,,,Pro,89.5,Monthly,
751,07/16/2022,USD,false,true,active,,,Basic,55,Annual,
752,07/13/2022,EUR,true,true,past due,,,Pro,55,Monthly,
753,10/24/2022,USD,true,false,active,,,Pro,5,Monthly,
754,10/15/2022,EUR,false,true,past due,,,Enterprise,8.55,Monthly,
755,10/22/2022,USD,true,false,trial,,,Enterprise,8.55,Annual,
756,08/27/2022,EUR,false,false,past due,,,Basic,55,Annual,
757,11/22/2022,EUR,true,true,active,,,Basic,55,Monthly,
758,03/18/2023,EUR,false,false,trial,,,Pro,55,Monthly,
759,08/16/2022,USD,false,false,past due,,,Enterprise,8.55,Annual,
760,10/06/2022,USD,false,true,past due,,,Enterprise,89.5,Monthly,
761,12/19/2022,EUR,true,true,cancelled,,,Basic,89.5,Monthly,
762,05/11/2022,USD,true,false,active,,,Basic,175,Annual,
763,12/28/2022,EUR,false,true,cancelled,,,Enterprise,89.5,Monthly,
764,05/28/2022,USD,true,true,past due,,,Enterprise,89.5,Annual,
765,10/15/2022,USD,false,true,past due,,,Pro,55,Annual,
766,07/25/2022,USD,true,true,active,,,Enterprise,5,Annual,
767,10/09/2022,EUR,false,false,cancelled,,,Pro,8.55,Annual,
768,10/02/2022,USD,false,false,active,,,Enterprise,89.5,Annual,
769,08/20/2022,USD,true,true,active,,,Pro,55,Annual,
770,12/26/2022,EUR,false,false,active,,,Basic,175,Annual,
771,02/04/2023,USD,false,true,past due,,,Pro,55,Monthly,
772,09/12/2022,USD,true,true,cancelled,,,Basic,55,Annual,
773,09/02/2022,USD,true,true,active,,,Enterprise,175,Monthly,
774,12/02/2022,USD,true,false,trial,,,Enterprise,18,Monthly,
775,10/23/2022,USD,true,true,active,,,Enterprise,5,Monthly,
776,08/12/2022,EUR,false,true,past due,,,Pro,55,Monthly,
777,10/15/2022,EUR,true,true,active,08/23/2022,,Pro,55,Monthly,
778,01/13/2023,EUR,true,false,cancelled,,,Enterprise,5,Monthly,
779,10/02/2022,EUR,true,false,past due,,,Pro,55,Annual,
780,07/10/2022,USD,false,false,past due,,,Pro,5,Annual,
781,02/18/2023,EUR,false,false,cancelled,,,Pro,8.55,Monthly,
782,12/06/2022,USD,true,true,cancelled,,,Pro,175,Annual,true
783,07/03/2022,EUR,true,false,active,,,Basic,8.55,Monthly,
784,03/21/2023,EUR,true,true,active,09/01/2022,,Basic,89.5,Monthly,
785,03/03/2023,USD,false,true,trial,,,Enterprise,18,Monthly,
786,06/09/2022,EUR,true,false,cancelled,,,Basic,5,Annual,
787,08/23/2022,USD,false,false,cancelled,,,Pro,18,Annual,
788,12/20/2022,USD,false,false,cancelled,,,Pro,8.55,Monthly,
789,02/18/2023,USD,false,true,trial,,05/03/2022,Basic,5,Annual,
790,11/26/2022,USD,true,true,cancelled,,,Basic,5,Monthly,
791,09/10/2022,EUR,true,true,past due,,,Basic,89.5,Annual,
792,08/03/2022,USD,true,false,past due,,,Basic,175,Monthly,
793,08/14/2022,EUR,false,true,cancelled,,10/23/2022,Pro,8.55,Annual,
794,09/25/2022,USD,false,true,trial,,,Basic,8.55,Annual,
795,09/07/2022,EUR,false,true,cancelled,,,Basic,18,Monthly,
796,06/21/2022,EUR,true,true,active,,,Basic,175,Monthly,
797,10/09/2022,EUR,false,false,trial,,,Basic,5,Annual,
798,08/03/2022,EUR,true,true,active,,,Pro,89.5,Monthly,
799,04/29/2022,EUR,true,false,cancelled,,,Enterprise,8.55,Monthly,
800,02/03/2023,USD,false,true,cancelled,,,Enterprise,18,Monthly,
801,03/16/2023,EUR,false,false,active,,,Enterprise,8.55,Annual,
802,04/02/2023,EUR,true,true,active,,,Enterprise,55,Annual,
803,08/12/2022,USD,true,true,cancelled,,,Enterprise,55,Annual,
804,07/03/2022,USD,false,false,active,08/02/2022,,Pro,175,Annual,
805,08/22/2022,USD,false,true,cancelled,,,Enterprise,55,Monthly,
806,07/12/2022,USD,true,true,cancelled,,,Pro,55,Monthly,
807,10/28/2022,USD,true,false,active,,,Pro,18,Annual,
808,05/19/2022,USD,false,false,past due,,,Basic,89.5,Monthly,
809,01/03/2023,USD,true,true,past due,,,Pro,89.5,Monthly,
810,11/16/2022,USD,false,false,trial,,,Pro,8.55,Monthly,
811,05/30/2022,USD,true,true,cancelled,,,Basic,89.5,Annual,
812,04/29/2022,USD,true,false,trial,,,Pro,18,Monthly,
813,09/04/2022,EUR,true,true,past due,,,Enterprise,5,Annual,
814,10/31/2022,USD,false,true,active,,,Basic,55,Annual,
815,10/05/2022,EUR,true,false,cancelled,,,Enterprise,55,Annual,
816,01/21/2023,EUR,true,true,cancelled,,,Enterprise,18,Monthly,
817,08/22/2022,EUR,true,false,active,,,Basic,18,Annual,
818,03/03/2023,EUR,false,true,past due,,,Enterprise,89.5,Annual,
819,07/02/2022,USD,false,true,active,,,Basic,18,Annual,
820,04/30/2022,USD,true,false,cancelled,08/02/2022,,Pro,8.55,Annual,
821,03/16/2023,USD,true,true,cancelled,,,Pro,175,Monthly,
822,02/26/2023,EUR,true,true,cancelled,,,Enterprise,18,Annual,
823,07/20/2022,EUR,true,false,cancelled,,,Enterprise,89.5,Monthly,
824,03/03/2023,EUR,true,true,trial,,,Enterprise,175,Annual,
825,02/27/2023,EUR,true,false,cancelled,,,Pro,89.5,Annual,
826,11/20/2022,EUR,true,false,trial,,,Enterprise,175,Monthly,
827,09/13/2022,USD,false,false,trial,,,Enterprise,18,Annual,
828,01/16/2023,EUR,true,true,past due,,,Pro,8.55,Monthly,
829,03/03/2023,USD,false,true,active,,,Enterprise,8.55,Annual,
830,09/30/2022,USD,false,false,past due,,,Basic,55,Annual,
831,07/31/2022,USD,false,false,cancelled,,,Enterprise,89.5,Annual,
832,05/15/2022,EUR,false,false,past due,,,Enterprise,89.5,Monthly,
833,07/14/2022,EUR,false,true,cancelled,,,Enterprise,5,Monthly,
834,03/28/2023,USD,true,false,trial,,,Basic,18,Annual,
835,04/04/2023,USD,true,false,past due,,,Pro,175,Monthly,
836,02/10/2023,EUR,true,true,trial,,,Basic,8.55,Monthly,
837,02/11/2023,USD,true,false,past due,,,Enterprise,5,Monthly,
838,11/19/2022,EUR,false,true,trial,,,Basic,8.55,Monthly,
839,09/30/2022,EUR,true,true,trial,,02/23/2023,Pro,55,Monthly,
840,03/20/2023,USD,false,false,active,,,Enterprise,175,Annual,
841,03/20/2023,USD,true,false,trial,,,Enterprise,5,Annual,
842,01/25/2023,USD,false,false,trial,,,Pro,5,Annual,
843,08/23/2022,EUR,false,false,active,,,Enterprise,55,Annual,
844,05/12/2022,USD,true,false,trial,,,Basic,8.55,Annual,
845,09/22/2022,EUR,false,true,trial,,,Pro,5,Annual,
846,11/27/2022,EUR,false,false,cancelled,,,Pro,5,Annual,
847,05/30/2022,USD,false,true,active,,,Pro,8.55,Annual,
848,06/17/2022,EUR,false,true,active,,,Enterprise,8.55,Annual,
849,12/30/2022,EUR,true,false,past due,,,Enterprise,8.55,Annual,
850,09/18/2022,EUR,false,true,trial,,,Basic,55,Monthly,
851,05/12/2022,EUR,true,false,trial,,,Basic,89.5,Monthly,
852,09/13/2022,USD,false,true,cancelled,,,Pro,89.5,Annual,
853,05/02/2022,EUR,true,true,past due,,,Basic,89.5,Annual,
854,02/01/2023,EUR,true,false,cancelled,,,Basic,8.55,Annual,true
855,08/29/2022,USD,true,true,trial,,,Enterprise,5,Annual,
856,12/16/2022,USD,false,true,active,,,Enterprise,55,Monthly,
857,09/26/2022,EUR,true,false,active,,,Basic,89.5,Annual,
858,07/01/2022,USD,false,true,cancelled,,,Enterprise,89.5,Monthly,
859,04/12/2022,EUR,false,true,active,,,Enterprise,89.5,Annual,
860,10/19/2022,EUR,false,true,active,,,Basic,8.55,Monthly,
861,09/28/2022,EUR,true,false,trial,,,Pro,175,Monthly,
862,10/19/2022,USD,true,true,past due,,,Pro,8.55,Annual,
863,04/19/2022,EUR,false,true,past due,,,Pro,175,Annual,
864,02/26/2023,EUR,true,true,cancelled,,,Enterprise,55,Annual,
865,04/07/2023,USD,false,true,past due,,,Enterprise,5,Monthly,
866,06/25/2022,USD,false,false,cancelled,,,Basic,175,Annual,
867,11/26/2022,USD,false,true,past due,,,Enterprise,175,Monthly,
868,03/11/2023,EUR,false,true,past due,,,Enterprise,55,Monthly,
869,05/07/2022,USD,false,true,trial,,,Basic,5,Monthly,
870,01/12/2023,EUR,true,false,trial,,,Basic,89.5,Annual,
871,08/30/2022,USD,true,false,cancelled,,,Pro,5,Annual,
872,07/18/2022,USD,true,false,cancelled,,,Pro,18,Monthly,
873,04/30/2022,EUR,true,false,cancelled,,,Enterprise,89.5,Annual,
874,06/01/2022,USD,false,false,past due,,,Enterprise,18,Annual,
875,10/26/2022,EUR,true,false,past due,,,Enterprise,8.55,Monthly,
876,02/11/2023,EUR,true,false,trial,,,Basic,55,Monthly,
877,06/13/2022,EUR,true,false,trial,,02/28/2023,Basic,8.55,Annual,
878,07/23/2022,EUR,false,false,past due,,,Basic,8.55,Annual,
879,05/10/2022,USD,true,true,cancelled,,08/30/2022,Pro,8.55,Annual,
880,11/03/2022,USD,false,true,cancelled,,,Pro,18,Annual,
881,12/22/2022,EUR,true,false,trial,,,Enterprise,175,Monthly,
882,03/29/2023,EUR,false,false,past due,,,Pro,18,Annual,
883,06/29/2022,EUR,true,false,cancelled,,,Basic,18,Monthly,
884,07/18/2022,EUR,true,false,active,,,Enterprise,18,Monthly,
885,08/06/2022,EUR,false,true,trial,,,Enterprise,5,Annual,
886,06/29/2022,USD,true,false,trial,,,Enterprise,175,Annual,
887,12/15/2022,USD,true,false,active,,,Pro,5,Monthly,
888,12/16/2022,USD,false,true,active,,,Enterprise,5,Monthly,
889,02/26/2023,EUR,true,true,trial,,,Basic,18,Monthly,false
890,05/17/2022,EUR,true,false,past due,,,Enterprise,18,Annual,
891,01/01/2023,USD,true,false,active,,,Pro,175,Monthly,
892,03/07/2023,USD,true,true,active,,,Enterprise,8.55,Monthly,
893,02/07/2023,EUR,false,false,cancelled,,,Pro,55,Monthly,
894,11/29/2022,USD,true,false,cancelled,,,Basic,55,Annual,
895,02/10/2023,EUR,true,true,active,,,Pro,8.55,Monthly,
896,01/24/2023,EUR,true,false,active,04/19/2022,,Enterprise,89.5,Annual,
897,09/28/2022,USD,true,false,past due,,,Basic,8.55,Annual,
898,10/19/2022,EUR,true,true,trial,,,Pro,5,Annual,
899,07/03/2022,EUR,false,true,trial,,,Enterprise,55,Monthly,
900,07/17/2022,USD,true,false,past due,,,Enterprise,8.55,Monthly,
901,09/01/2022,EUR,true,true,active,,,Enterprise,5,Monthly,
902,07/15/2022,EUR,false,false,active,,,Enterprise,18,Annual,
903,10/06/2022,USD,false,true,cancelled,04/13/2022,,Enterprise,55,Monthly,
904,07/25/2022,USD,true,true,cancelled,,,Pro,89.5,Monthly,
905,03/17/2023,USD,true,false,cancelled,,,Pro,18,Annual,
906,11/18/2022,EUR,false,true,active,,,Pro,18,Monthly,
907,01/10/2023,EUR,true,false,active,,,Basic,175,Annual,
908,05/02/2022,USD,true,true,past due,05/25/2022,,Pro,175,Annual,
909,10/14/2022,USD,true,false,trial,,,Pro,18,Annual,
910,07/27/2022,EUR,false,true,past due,,,Pro,5,Monthly,
911,01/20/2023,USD,true,true,active,,,Pro,5,Annual,
912,10/08/2022,EUR,true,true,trial,,,Enterprise,18,Monthly,
913,05/17/2022,USD,false,false,trial,,,Basic,18,Monthly,
914,04/05/2023,USD,false,false,past due,,,Basic,5,Monthly,
915,08/24/2022,EUR,false,false,active,,,Pro,8.55,Monthly,
916,12/29/2022,EUR,true,false,active,,,Basic,18,Annual,
917,11/25/2022,USD,true,true,active,,,Basic,89.5,Annual,
918,01/13/2023,EUR,true,false,trial,,,Pro,8.55,Monthly,
919,11/09/2022,EUR,false,true,cancelled,,,Basic,89.5,Monthly,
920,03/09/2023,EUR,true,true,active,,,Pro,8.55,Monthly,
921,02/25/2023,EUR,true,false,trial,,,Basic,89.5,Annual,
922,08/25/2022,USD,true,true,past due,,,Enterprise,89.5,Monthly,
923,02/24/2023,EUR,true,true,active,,12/11/2022,Enterprise,89.5,Monthly,
924,06/13/2022,USD,true,true,past due,,,Enterprise,175,Annual,
925,10/31/2022,USD,false,false,active,,,Enterprise,175,Annual,
926,04/05/2023,EUR,true,false,trial,,,Pro,8.55,Annual,
927,05/01/2022,EUR,true,true,active,,,Pro,8.55,Annual,false
928,09/26/2022,USD,false,false,cancelled,,,Enterprise,8.55,Monthly,
929,03/31/2023,USD,true,false,trial,,,Pro,18,Annual,
930,03/12/2023,USD,false,false,past due,,,Pro,18,Annual,
931,12/12/2022,EUR,true,true,past due,12/30/2022,,Enterprise,5,Monthly,
932,02/27/2023,USD,false,false,cancelled,,,Basic,55,Annual,
933,12/10/2022,EUR,true,true,cancelled,,,Enterprise,55,Monthly,
934,04/03/2023,USD,true,true,past due,,,Basic,55,Monthly,
935,03/24/2023,USD,true,false,trial,,,Pro,5,Monthly,
936,04/16/2022,EUR,false,false,trial,,,Pro,8.55,Monthly,
937,09/24/2022,USD,true,true,cancelled,,,Pro,5,Annual,
938,03/10/2023,USD,false,false,past due,,,Pro,175,Annual,
939,01/05/2023,EUR,true,true,active,,,Basic,175,Monthly,
940,02/15/2023,EUR,true,false,active,,,Basic,175,Annual,
941,11/19/2022,USD,true,true,trial,,,Enterprise,175,Monthly,
942,03/19/2023,EUR,true,false,active,,,Enterprise,89.5,Annual,
943,01/31/2023,EUR,true,false,past due,,,Enterprise,89.5,Annual,
944,12/07/2022,USD,true,true,active,,,Enterprise,5,Monthly,
945,07/29/2022,EUR,true,false,cancelled,,,Pro,18,Monthly,
946,05/13/2022,USD,false,false,cancelled,,,Basic,5,Monthly,
947,01/27/2023,USD,true,false,past due,,,Pro,5,Monthly,
948,05/29/2022,USD,false,true,past due,,,Pro,55,Annual,
949,08/16/2022,USD,false,false,cancelled,,,Pro,175,Annual,
950,03/21/2023,EUR,true,true,trial,,,Basic,18,Annual,
951,07/19/2022,USD,false,false,trial,,,Basic,18,Monthly,
952,05/30/2022,USD,true,true,trial,,,Pro,175,Monthly,
953,09/26/2022,USD,false,false,trial,,,Pro,89.5,Annual,
954,10/03/2022,EUR,false,true,past due,,,Basic,175,Annual,
955,11/01/2022,EUR,false,true,active,,,Basic,8.55,Monthly,
956,08/27/2022,USD,true,true,cancelled,,,Pro,55,Annual,
957,02/23/2023,USD,false,true,active,,,Pro,55,Annual,
958,11/05/2022,USD,false,true,cancelled,,,Enterprise,8.55,Monthly,
959,02/05/2023,USD,true,true,past due,,,Enterprise,18,Annual,
960,09/05/2022,EUR,false,false,cancelled,,,Basic,89.5,Monthly,
961,09/20/2022,EUR,false,false,cancelled,,,Enterprise,18,Monthly,
962,07/23/2022,USD,true,true,past due,,,Enterprise,8.55,Annual,
963,08/07/2022,USD,true,true,active,,,Basic,175,Monthly,
964,06/07/2022,USD,true,true,past due,,,Pro,18,Annual,
965,01/31/2023,USD,true,true,active,,,Pro,5,Annual,
966,05/07/2022,USD,false,true,cancelled,,,Pro,175,Annual,
967,04/19/2022,USD,true,true,trial,11/29/2022,,Basic,175,Monthly,
968,10/26/2022,EUR,true,false,active,,,Pro,175,Annual,false
969,11/27/2022,USD,false,true,past due,,,Basic,8.55,Annual,
970,08/24/2022,EUR,true,false,past due,,,Basic,89.5,Monthly,
971,10/08/2022,USD,false,true,trial,,,Enterprise,89.5,Monthly,
972,09/01/2022,USD,true,true,past due,12/03/2022,,Pro,5,Monthly,
973,01/26/2023,EUR,true,false,trial,,,Pro,5,Monthly,
974,03/01/2023,USD,true,false,cancelled,,,Pro,89.5,Monthly,
975,01/05/2023,USD,true,true,trial,,,Pro,8.55,Annual,
976,05/01/2022,USD,true,false,active,,,Basic,89.5,Annual,
977,04/16/2022,USD,true,true,active,,,Enterprise,175,Annual,
978,04/09/2023,EUR,true,false,active,,,Enterprise,5,Annual,
979,01/16/2023,EUR,false,false,cancelled,,,Pro,89.5,Annual,
980,12/24/2022,EUR,false,true,trial,,,Enterprise,55,Annual,
981,10/13/2022,EUR,false,false,past due,,,Enterprise,89.5,Monthly,
982,08/29/2022,EUR,true,true,past due,,,Basic,89.5,Monthly,
983,08/09/2022,USD,true,false,trial,,,Pro,175,Annual,
984,08/04/2022,EUR,true,false,past due,,,Basic,175,Annual,
985,09/11/2022,USD,false,false,trial,,,Basic,5,Monthly,
986,03/18/2023,USD,true,false,trial,,11/13/2022,Enterprise,55,Monthly,
987,11/15/2022,EUR,false,true,active,,,Enterprise,55,Monthly,
988,10/12/2022,EUR,true,false,past due,,,Basic,18,Annual,
989,05/06/2022,EUR,false,true,past due,,,Basic,55,Annual,
990,02/04/2023,EUR,false,true,cancelled,,,Pro,89.5,Monthly,
991,02/21/2023,EUR,false,false,active,,,Enterprise,175,Annual,
992,08/10/2022,USD,true,false,cancelled,,,Enterprise,5,Annual,
993,05/30/2022,USD,false,true,cancelled,,,Pro,55,Monthly,
994,12/06/2022,EUR,true,false,active,06/12/2022,,Basic,18,Annual,
995,12/19/2022,USD,false,true,active,,,Basic,5,Monthly,
996,10/25/2022,EUR,false,false,cancelled,,,Pro,175,Annual,
997,11/04/2022,USD,true,true,active,11/01/2022,,Basic,5,Annual,
998,10/09/2022,EUR,true,true,cancelled,,,Enterprise,5,Monthly,
999,05/14/2022,EUR,true,true,trial,,,Basic,175,Monthly,
1000,03/29/2023,USD,true,true,cancelled,,,Pro,175,Monthly,
